utt_id,expert_accuracy,expert_fluency,expert_prosodic,expert_completeness,expert_overall,pi_pronunciation,pi_fluency,pi_confidence,pi_pace,pi_content,pi_overall,pi_cefr,so_pronunciation,so_fluency,so_confidence,so_pace,so_content,so_overall
000030012,9,9,9,10.0,9,54.0865540084418,71.00187,98.2945,79.46428571428572,75,75.3416653419226,B2,54.0865540084418,85.37735849056604,51.66978454589844,72.61904761904762,30.0,62.72374436700631
000030024,7,9,9,10.0,7,49.60086123805887,69.28366,98.3524,50.726299694189606,75,71.15558682651826,B2,49.60086123805887,85.8695652173913,48.806095123291016,34.30173292558614,15.0,51.98917222363797
000030040,9,9,9,10.0,9,53.158047865238004,65.88539,97.76277,65.5035335689046,75,72.87716931311274,B2,53.158047865238004,85.11235955056179,43.14231872558594,54.00471142520613,20.0,55.99700788410837
000030047,8,9,8,10.0,7,46.01729497058466,68.6467,97.23722,63.17567567567568,75,72.00922672901609,B2,46.01729497058466,85.75268817204301,47.7444953918457,50.9009009009009,20.0,54.67157561641083
000030049,9,9,9,10.0,9,43.036958556673525,69.36031,98.14931,67.04545454545456,75,72.31104405223584,B2,43.036958556673525,85.46511627906978,48.93385696411133,56.06060606060607,20.0,55.12441169534904
000030051,7,10,9,10.0,7,36.74102967462466,72.722916,96.80064,59.228971962616825,75,70.85922642937913,B2,36.74102967462466,84.9009900990099,54.53820037841797,45.638629283489095,20.0,52.44587125725978
000030054,8,9,9,10.0,8,42.28265538199991,70.292114,98.42415,65.5035335689046,75,72.18029421219447,B2,42.28265538199991,85.11235955056179,50.48685073852539,54.00471142520613,20.0,54.747066165886736
000030059,8,9,8,10.0,8,44.27907454697739,69.348755,97.205765,43.75,75,69.55003130403573,B2,44.27907454697739,85.61946902654867,48.91459274291992,25.0,15.0,48.75755482343523
000030067,8,9,8,10.0,8,41.45433469807735,70.752945,95.9719,64.15289256198348,75,71.67984877755495,B2,41.45433469807735,85.52631578947368,51.254913330078125,52.2038567493113,25.0,54.93691720997023
000030069,9,9,9,10.0,9,40.42913221115289,67.40787,96.305336,63.347457627118644,75,71.09877519221368,B2,40.42913221115289,85.75268817204301,45.679779052734375,51.12994350282485,20.0,52.907399606910815
000030079,8,9,8,10.0,8,42.52023970373356,72.00639,97.60599,64.01098901098902,75,72.13723316354015,B2,42.52023970373356,85.52631578947368,53.3439826965332,52.01465201465202,25.0,55.583365815538855
000030080,9,9,8,10.0,8,40.18327791273619,71.6364,96.48805,72.98387096774194,75,72.75499194768862,B2,40.18327791273619,85.30927835051546,52.727333068847656,63.978494623655905,25.0,57.21430441357876
000030097,7,9,8,10.0,7,51.14649751109492,68.74197,97.76924,75.26150627615063,75,74.15030536413744,B2,51.14649751109492,85.66666666666667,47.903282165527344,67.01534170153417,20.0,59.187016390057295
000030101,9,10,9,10.0,9,50.05891239329553,64.87296,95.930725,74.58609271523179,75,73.25384317894125,B2,50.05891239329553,85.52631578947368,41.454933166503906,66.11479028697572,25.0,57.91025211785796
000030116,9,9,9,10.0,8,43.3252410537634,71.078094,96.86709,100.0,75,76.35245086248676,C1,43.3252410537634,85.18518518518519,51.796817779541016,100.0,35.0,65.98697011564535
000030119,9,9,9,10.0,8,42.42783655347666,76.04819,98.49424,68.75,75,73.28643163397578,B2,42.42783655347666,85.31746031746032,60.080318450927734,58.33333333333333,30.0,58.61905457458646
000030145,8,9,9,10.0,8,39.05044980517643,70.29533,95.90125,79.94604316546763,75,73.22316863401635,B2,39.05044980517643,85.34482758620689,50.492210388183594,73.26139088729018,25.0,58.34953960294059
000030153,9,9,8,10.0,8,47.18512655547648,65.84906,97.739,60.37234042553191,75,71.53746305432256,B2,47.18512655547648,85.8108108108108,43.08176803588867,47.163120567375884,15.0,52.79796244369446
000030154,9,9,7,10.0,8,46.51033325634571,70.132484,97.314064,76.93298969072164,75,73.90678456907777,B2,46.51033325634571,84.89010989010988,50.22080612182617,69.24398625429552,25.0,59.24306983404283
000030175,10,10,10,10.0,9,46.23076699017018,57.925537,96.128105,31.859834796076413,75,66.8573092871035,B2,46.23076699017018,84.8360655737705,29.875892639160156,9.146446394768546,5.0,41.07117613850578
000240010,9,10,9,10.0,9,52.85160870418999,61.269516,99.14717,100.0,75,76.59219548590904,C1,52.85160870418999,85.0,35.449195861816406,100.0,25.0,64.05274163451307
000240031,10,10,9,10.0,9,43.96376636615469,72.099335,97.76533,100.0,75,76.65941142438777,C1,43.96376636615469,85.09174311926606,53.498897552490234,100.0,40.0,66.96365688185324
000240060,9,10,9,10.0,9,52.71634310781342,74.895256,97.305305,100.0,75,77.99002855575011,C1,52.71634310781342,85.30927835051546,58.15876007080078,100.0,35.0,69.63815737874238
000240071,9,9,9,10.0,9,47.68536744580917,76.27571,97.04004,100.0,75,77.52013410814553,C1,47.68536744580917,85.27397260273972,60.459510803222656,100.0,50.0,70.33173774498634
000240073,9,9,9,10.0,8,45.484495546590225,75.76708,97.22514,73.6413043478261,75,74.05416306496667,B2,45.484495546590225,85.40462427745665,59.6118049621582,64.85507246376812,45.0,62.11565582266671
000240099,9,8,9,10.0,8,43.87977780827113,74.26326,97.44148,100.0,75,76.8701424287894,C1,43.87977780827113,85.5691056910569,57.10542678833008,100.0,45.0,68.28330623249802
000240115,9,8,8,10.0,8,44.307991954085935,69.328865,96.081985,100.0,75,76.16626109747858,C1,44.307991954085935,85.34482758620689,48.88144302368164,100.0,30.0,65.18949387127927
000240116,9,9,9,10.0,9,44.73515607950249,74.553894,97.96428,83.70253164556962,75,75.11470331314146,B2,44.73515607950249,85.1010101010101,57.58982467651367,78.27004219409282,30.0,62.63101530071917
000240151,10,10,9,10.0,9,52.52466606539327,70.360504,98.02116,69.90967544396815,75,73.89792023649446,B2,52.52466606539327,85.67961165048544,50.6008415222168,59.8795672586242,25.0,59.147151566607604
000240152,10,10,10,10.0,9,49.847601481419886,71.600235,97.738495,100.0,75,77.30235976077819,C1,49.847601481419886,85.41666666666667,52.66705322265625,100.0,40.0,68.34947806302262
000240248,10,10,10,10.0,10,45.45341118785259,71.646225,97.65726,79.9731182795699,75,74.36760138277037,B2,45.45341118785259,85.22727272727273,52.74371337890625,73.29749103942653,40.0,61.878412434652475
000240284,8,9,9,10.0,8,49.280792217413214,74.8965,97.71767,100.0,75,77.62739501726146,C1,49.280792217413214,85.52631578947368,58.16082763671875,100.0,35.0,68.8339429105352
000240287,9,9,9,10.0,9,43.72946000418623,67.7327,95.79278,100.0,75,75.87059214630312,B2,43.72946000418623,85.29411764705883,46.221160888671875,100.0,25.0,64.00012659054565
000240289,8,9,8,10.0,7,48.66119058107179,72.95241,97.18551,80.47583081570997,75,74.91299255540677,B2,48.66119058107179,85.57692307692308,54.92068099975586,73.96777442094663,30.0,62.33721988010894
000240320,9,9,9,10.0,9,54.79235663304155,74.05185,98.04706,100.0,75,78.22695169244936,C1,54.79235663304155,85.43478260869566,56.753082275390625,100.0,40.0,70.40740126551242
000240323,7,9,9,10.0,7,42.28401935645116,69.19847,97.482315,100.0,75,76.07577665871165,C1,42.28401935645116,85.5691056910569,48.66411209106445,100.0,45.0,66.1961036800899
000240324,9,9,9,10.0,9,51.77473704057833,70.5286,96.6727,100.0,75,77.27712463383423,C1,51.77473704057833,85.71428571428572,50.88100051879883,100.0,35.0,68.04845560174091
000240329,9,9,9,10.0,8,47.26202639628111,71.99054,97.68933,100.0,75,77.03302764020998,C1,47.26202639628111,85.20408163265306,53.317569732666016,100.0,40.0,67.78004114450161
000240350,9,9,8,10.0,8,49.762375549296095,71.24543,97.78039,100.0,75,77.25458321044678,C1,49.762375549296095,85.11235955056179,52.07571792602539,100.0,35.0,67.63382774163928
000240352,9,9,8,10.0,8,49.48880033560702,70.32328,97.29629,100.0,75,77.0530041848041,C1,49.48880033560702,85.30927835051546,50.538795471191406,100.0,40.0,67.80727914723863
000440005,6,9,8,10.0,6,51.87563856901123,68.851326,98.65407,52.043057996485054,75,71.57089086569158,B2,51.87563856901123,85.11235955056179,48.085540771484375,36.05741066198007,15.0,52.57559000732101
000440021,7,8,8,10.0,7,60.14427198892594,74.90714,98.847824,55.239913380442225,75,73.69669825262496,B2,60.14427198892594,85.14492753623189,58.17857360839844,40.3198845072563,25.0,58.52199131368554
000440032,8,9,8,10.0,8,57.3032378379991,70.423546,99.81874,53.5958904109589,75,72.73696979173042,B2,57.3032378379991,85.43478260869566,50.70591354370117,38.127853881278526,20.0,55.45125878740449
000440035,7,9,8,10.0,7,82.3406155102996,76.08707,99.83529,53.37193460490464,75,76.39618869204716,C1,82.3406155102996,84.56521739130434,60.145103454589844,37.82924613987285,20.0,63.321328716498115
000440043,7,8,8,10.0,7,55.50622084042672,73.60433,99.396194,47.014496088357106,75,72.06254920284078,B2,55.50622084042672,85.29411764705883,56.0072135925293,29.352661451142808,20.0,54.2720596306058
000440045,9,9,8,10.0,8,58.512348862360106,66.4937,99.10175,46.99862005519779,75,71.53277043270461,B2,58.512348862360106,85.7843137254902,44.15616989135742,29.33149340693039,15.0,52.27169830662014
000440049,8,8,7,10.0,8,49.65188936319518,71.31081,98.64723,39.42998204667864,75,70.08478916879423,B2,49.65188936319518,85.28571428571429,52.1846809387207,19.23997606223817,20.0,50.01933250315401
000440062,7,8,7,10.0,7,47.694503663237974,63.11577,98.344185,33.010483135824984,75,68.05979281286021,B2,47.694503663237974,85.46511627906978,38.52627944946289,10.680644181099979,15.0,44.631289807056945
000440082,6,7,7,10.0,5,62.08786834747211,68.18305,99.83352,40.36722813970771,75,71.4566001038522,B2,62.08786834747211,85.23622047244095,46.97174835205078,20.489637519610284,15.0,51.82329976078021
000440089,8,9,8,10.0,8,58.69819256835919,72.01758,99.8548,68.30357142857143,75,74.86489673822541,B2,58.69819256835919,85.37735849056604,53.36263656616211,57.73809523809524,25.0,60.739034125582776
000440090,8,9,8,10.0,8,61.687006101259655,71.96311,99.84327,50.366038370918886,75,73.06313108373175,B2,61.687006101259655,85.75268817204301,53.27185821533203,33.821384494558515,15.0,55.77857268250837
000440099,7,7,6,10.0,6,58.087439216347505,66.93338,99.63356,40.8104333383663,75,70.85577754347972,B2,58.087439216347505,85.14492753623189,44.88896560668945,21.080577784488412,25.0,51.50200093858501
000440104,6,6,7,10.0,5,47.07411322284607,70.39192,97.576866,47.3967057509771,75,70.49275285449549,B2,47.07411322284607,85.11904761904762,50.65320587158203,29.86227433463614,25.0,51.6513860609822
000440126,7,7,7,10.0,7,60.41917914450936,64.307304,99.7013,45.92990862491643,75,71.44292324717485,B2,60.41917914450936,84.9290780141844,40.51217269897461,27.9065448332219,20.0,52.020808368317326
000440132,8,8,7,10.0,7,62.30299644516328,73.25179,99.86103,61.07512953367875,75,74.57891393582042,B2,62.30299644516328,84.91735537190083,55.419654846191406,48.100172711571666,25.0,60.009053465818646
000440145,7,7,7,10.0,7,44.513245988154395,69.926796,98.77986,50.81221904372701,75,70.68385469298592,B2,44.513245988154395,85.45751633986929,49.877994537353516,34.41629205830269,25.0,51.851548282606885
000440147,7,7,6,10.0,6,49.446995161321794,71.37404,98.241135,54.72972972972972,75,71.85502778770743,B2,49.446995161321794,85.07194244604317,52.29005813598633,39.639639639639626,25.0,54.51567395696643
000440163,7,7,7,10.0,6,56.05909059011556,73.738,99.72138,57.976594712587925,75,73.49940796874628,B2,56.05909059011556,85.07751937984496,56.230003356933594,43.96879295011723,25.0,57.82391232610489
000440173,8,8,7,10.0,7,51.505084471692044,67.604935,98.93888,70.8657587548638,75,73.66975906072186,B2,51.505084471692044,84.87654320987654,46.008216857910156,61.15434500648508,20.0,57.52791986547579
000440175,4,8,8,10.0,4,52.68586827934298,62.75763,99.7813,49.15689149560117,75,70.72580310902845,B2,52.68586827934298,85.9375,37.929378509521484,32.20918866080157,10.0,49.68355579000265
000490002,9,8,7,10.0,8,66.50597901988587,64.58133,99.74231,36.662371134020624,75,71.09903868839065,B2,66.50597901988587,85.27397260273972,40.96888732910156,15.549828178694156,15.0,50.74873157942013
000490017,7,7,7,10.0,7,53.30888711212505,74.54384,99.54404,52.30891719745223,75,72.56468156109457,B2,53.30888711212505,85.13513513513513,57.57307052612305,36.411889596602975,25.0,55.90799758636025
000490032,8,8,8,10.0,8,69.61320004688626,66.55156,99.30809,52.7072909220872,75,73.5816168752612,B2,69.61320004688626,85.22727272727273,44.25260543823242,36.943054562782926,15.0,56.44925019374282
000490047,8,7,7,10.0,8,58.224203669997074,63.889225,99.52107,40.2623542476402,75,70.42762263737234,B2,58.224203669997074,85.05917159763314,39.815372467041016,20.34980566352027,20.0,49.85387963375467
000490052,9,9,9,10.0,9,54.85395651957693,67.20624,98.021545,60.24029280712922,75,72.63864390357975,B2,54.85395651957693,85.1010101010101,45.3437385559082,46.98705707617229,20.0,55.454900590828
000490086,8,8,8,10.0,7,60.12182875088716,65.7065,98.315926,74.29960448253131,75,74.8132627228735,B2,60.12182875088716,85.52631578947368,42.84415817260742,65.73280597670842,25.0,60.627428774218515
000490087,8,8,7,10.0,7,59.29656268081194,64.60921,98.27887,55.2594070695553,75,72.29328558391126,B2,59.29656268081194,85.0,41.015350341796875,40.3458760927404,20.0,54.34638652931503
000490088,8,8,8,10.0,8,58.794540579671406,65.240036,98.43016,53.78440366972478,75,72.14989689391192,B2,58.794540579671406,85.46511627906978,42.06673049926758,38.37920489296637,15.0,53.65410148386695
000490092,8,8,8,10.0,8,64.26406978921023,70.6319,98.88749,53.483606557377044,75,73.47204751657094,B2,64.26406978921023,85.43478260869566,51.05316162109375,37.97814207650273,20.0,57.230973838995766
000490097,6,8,8,10.0,6,51.70210569303787,68.90871,97.39822,62.930338891877355,75,72.71272409970155,B2,51.70210569303787,85.25641025641025,48.18117141723633,50.573785189169804,25.0,56.49062030864326
000490101,7,8,7,10.0,7,69.68013280762834,68.4198,99.3182,59.89336492890995,75,74.67737960387288,B2,69.68013280762834,85.1010101010101,47.3663330078125,46.52448657187994,20.0,59.47344964309811
000490102,8,8,8,10.0,8,63.279188179390246,75.05835,99.37323,59.02605459057072,75,74.60841868317657,B2,63.279188179390246,85.31746031746032,58.43058776855469,45.36807278742763,25.0,60.40889480761369
000490117,7,7,7,10.0,7,57.08085172645422,70.69385,99.186386,50.52474143175827,75,72.29829923074331,B2,57.08085172645422,85.32258064516128,51.156410217285156,34.03298857567769,25.0,55.13873804223131
000490134,8,9,8,10.0,8,58.81321892184872,75.53988,99.90336,57.789855072463766,75,74.04555735587999,B2,58.81321892184872,85.0,59.233131408691406,43.71980676328503,25.0,59.04389236485747
000490144,8,8,7,10.0,7,68.89171415735773,74.60379,99.6719,60.250424448217316,75,75.41013921323541,B2,68.89171415735773,85.13513513513513,57.6729850769043,47.00056593095642,30.0,62.44142290616508
000490151,9,7,7,10.0,8,61.36809191619618,71.104485,99.51372,57.59379509379509,75,73.74961070633567,B2,61.36809191619618,85.0,51.84080505371094,43.45839345839344,25.0,58.15186287220479
000490157,9,9,8,10.0,8,48.76635974254728,66.16494,99.28196,54.713883677298305,75,71.27125714006897,B2,48.76635974254728,85.71428571428572,43.60823059082031,39.618511569731076,15.0,51.76550998705339
000490162,9,8,8,10.0,8,57.07484912003407,70.19033,99.59563,51.08024691358025,75,72.35292640440481,B2,57.07484912003407,85.65573770491804,50.31721496582031,34.77366255144034,20.0,54.70082240042502
000490164,9,8,8,10.0,8,48.68999563071837,70.09077,99.31294,53.82231404958679,75,71.62992229103115,B2,48.68999563071837,85.52631578947368,50.151275634765625,38.42975206611571,20.0,53.27028358595915
000490175,9,7,7,10.0,8,56.18303175775365,71.07964,99.59449,53.61842105263158,75,72.65707033333997,B2,56.18303175775365,85.4895104895105,51.79940414428711,38.15789473684211,25.0,55.90959591024647
000920002,4,8,7,10.0,4,50.833869975522006,69.14625,98.04479,50.31512605042017,75,71.20080432780057,B2,50.833869975522006,85.75268817204301,48.57707595825195,33.753501400560225,15.0,52.11275481791883
000920009,8,8,8,10.0,8,55.65762321668816,60.046833,99.034096,47.65625,75,70.48737624230141,B2,55.65762321668816,84.9009900990099,33.41139221191406,30.208333333333343,15.0,49.363598628708864
000920010,8,8,7,10.0,7,55.611026538220855,69.41519,99.26324,75.39835625628984,75,74.96253737332957,B2,55.611026538220855,85.63829787234042,49.02532196044922,67.19780834171979,25.0,61.05695697233925
000920025,8,9,8,10.0,8,60.18468476733225,69.60305,99.25783,56.86557231588288,75,73.30933620887254,B2,60.18468476733225,85.37735849056604,49.338417053222656,42.48742975451051,20.0,56.75568017602121
000920040,9,9,8,10.0,8,51.52461425815864,69.31563,99.07359,57.653521974714025,75,72.30808289091347,B2,51.52461425815864,85.57692307692308,48.85938262939453,43.53802929961871,20.0,54.75486652883822
000920051,8,9,8,10.0,8,56.61900159045378,67.88109,97.91778,64.38516084399862,75,73.41636344477101,B2,56.61900159045378,84.89010989010988,46.46847152709961,52.513547791998164,20.0,57.17368192469533
000920055,8,8,8,10.0,8,64.625598254332,73.396996,99.052055,50.76530612244898,75,73.54079463361217,B2,64.625598254332,85.8695652173913,55.66166305541992,34.353741496598644,15.0,57.1268719690694
000920074,9,9,8,10.0,8,56.27304652453359,71.10327,99.721565,52.25265017667844,75,72.5220640118603,B2,56.27304652453359,85.11235955056179,51.83877944946289,36.33686690223793,15.0,54.48148078911401
000920092,8,7,7,10.0,7,51.27143271856936,67.103355,99.456314,53.08441558441558,75,71.50986213571366,B2,51.27143271856936,85.34482758620689,45.172264099121094,37.445887445887436,25.0,53.17769595740035
000920094,8,8,7,10.0,7,54.82177282808113,73.44646,99.58797,63.18937550689376,75,73.92546865957199,B2,54.82177282808113,85.34482758620689,55.74409484863281,50.919167342525014,25.0,58.87430254180357
000920099,8,8,8,10.0,8,58.12811451073669,76.228096,98.9436,68.55381165919282,75,75.22243508326264,B2,58.12811451073669,85.47619047619048,60.380165100097656,58.07174887892376,25.0,62.091459614740664
000920104,8,8,7,10.0,7,58.520723303290325,67.823,98.666435,62.11630060862662,75,73.45517486405893,B2,58.520723303290325,85.08403361344537,46.37166213989258,49.48840081150217,25.0,57.573202391667465
000920122,9,8,7,10.0,8,53.3566752451037,71.212906,99.337685,65.6613269067196,75,73.7482311200352,B2,53.3566752451037,84.90990990990991,52.021514892578125,54.21510254229279,25.0,58.31397034793218
000920126,8,9,8,10.0,8,56.794061521806924,71.8473,98.75209,60.94961240310077,75,73.60116744569595,B2,56.794061521806924,84.91735537190083,53.078826904296875,47.932816537467694,25.0,58.130183102514714
000920129,8,8,7,10.0,7,66.66523684461163,71.031975,99.51969,67.48533724340177,75,75.56426884173348,B2,66.66523684461163,85.2803738317757,51.71995544433594,56.64711632453569,25.0,62.15981721360602
000920134,8,8,7,10.0,7,51.886492385336346,65.607315,98.83477,66.43743257820927,75,72.93192122755906,B2,51.886492385336346,85.34482758620689,42.678863525390625,55.249910104279024,20.0,55.89358529102433
000920136,8,9,8,10.0,8,57.624029986400934,71.51544,98.84949,72.1816976127321,75,75.02047881580222,B2,57.624029986400934,85.16949152542372,52.52574157714844,62.90893015030946,30.0,61.78531529565233
000920149,7,7,7,10.0,6,51.294805263761255,71.92862,98.79909,73.61757857974389,75,74.47681089032218,B2,51.294805263761255,85.37037037037037,53.2143669128418,64.82343810632518,35.0,61.27385529383603
000920167,7,8,8,10.0,7,48.0074212288953,73.8479,98.04809,57.95454545454546,75,72.34295461773556,B2,48.0074212288953,85.57692307692308,56.41316223144531,43.939393939393945,20.0,55.46659769209217
000920173,7,8,8,10.0,7,47.221966713492435,70.79041,98.15731,64.10550458715596,75,72.63302336271843,B2,47.221966713492435,85.14492753623189,51.317352294921875,52.14067278287462,15.0,55.28332876872525
000930005,8,8,8,10.0,8,38.83219981396465,73.08324,99.805084,52.967625899280584,75,70.76257759633161,B2,38.83219981396465,85.34482758620689,55.13873291015625,37.290167865707446,15.0,51.03003757742022
000930014,8,7,7,10.0,7,40.219064305576495,71.248436,99.72648,66.4102932719954,75,72.31251265540237,B2,40.219064305576495,85.09174311926606,52.08073043823242,55.213724362660535,25.0,55.2865930071241
000930018,7,8,7,10.0,7,48.61687302170383,79.76801,99.963356,78.62090680100755,75,75.83629786095193,B2,48.61687302170383,85.4,66.28001403808594,71.49454240134341,35.0,64.55913011551642
000930026,9,9,9,10.0,9,47.47450746933147,75.01515,99.877975,67.85055350553505,75,73.82618260995272,B2,47.47450746933147,85.58823529411765,58.35858154296875,57.134071340713405,20.0,58.36421664906844
000930035,8,8,8,10.0,8,46.76090158020344,74.48836,99.933975,61.68032786885246,75,72.94362746552733,B2,46.76090158020344,85.41666666666667,57.4806022644043,48.90710382513661,20.0,56.32193327962571
000930040,8,8,8,10.0,8,39.20519496734292,72.77868,99.90007,70.8657587548638,75,72.92996433680152,B2,39.20519496734292,84.87654320987654,54.631134033203125,61.15434500648508,20.0,56.17753016150764
000930048,7,9,8,10.0,7,52.14808935952434,77.37173,99.93587,59.08385093167701,75,73.62474415086213,B2,52.14808935952434,84.9009900990099,62.28620529174805,45.44513457556935,20.0,57.80853783809704
000930050,9,9,9,10.0,8,62.64582796134732,79.58735,99.92565,60.088832487309645,75,75.26971931243258,B2,62.64582796134732,85.1010101010101,65.97891235351562,46.78510998307953,20.0,61.48951417364325
000930051,8,8,9,10.0,8,42.55286522948321,75.04376,99.87613,70.66207832493214,75,73.57618018942047,B2,42.55286522948321,84.87654320987654,58.40627670288086,60.88277109990952,20.0,57.71516167039801
000930056,8,9,8,10.0,8,37.59048570287177,76.20085,99.94211,51.440809968847354,75,70.82091063197348,B2,37.59048570287177,84.89010989010988,60.33475875854492,35.25441329179647,15.0,51.23798330831369
000930089,9,8,9,10.0,8,47.20198164175244,74.39793,99.950096,68.80630630630631,75,73.84275724907954,B2,47.20198164175244,85.47619047619048,57.32987976074219,58.408408408408405,25.0,58.817200472580986
000930091,8,8,7,10.0,7,41.854827193011204,75.87725,99.94179,61.328125000000014,75,72.48023887009494,B2,41.854827193011204,84.91735537190083,59.795413970947266,48.437500000000014,25.0,55.8396282446826
000930095,8,8,7,10.0,7,45.0881945662582,78.984695,99.9459,57.01038575667655,75,72.72350108650608,B2,45.0881945662582,85.37735849056604,64.9744873046875,42.68051434223541,20.0,56.147388975060366
000930099,8,8,8,10.0,8,54.1331036599671,79.54611,99.96335,68.63772455089821,75,75.27363463921009,B2,54.1331036599671,85.47619047619048,65.91018676757812,58.183632734530946,25.0,62.22108743446121
000930101,8,8,8,10.0,8,46.2607777631871,73.74106,99.964226,59.28727386150967,75,72.5104002892019,B2,46.2607777631871,84.9009900990099,56.235103607177734,45.71636514867955,20.0,55.180735716720704
000930111,8,8,8,10.0,8,51.733701157118325,76.769875,99.95057,73.09556786703601,75,75.18596552996883,B2,51.733701157118325,85.29411764705883,61.28312683105469,64.12742382271469,35.0,62.8390646410633
000930148,8,8,8,10.0,7,50.85713055236904,79.509995,99.8911,66.75347222222223,75,74.64140343646658,B2,50.85713055236904,85.09174311926606,65.84998321533203,55.6712962962963,25.0,60.791474892439034
000930151,7,8,7,10.0,7,57.11373034775759,75.37926,99.251144,48.129453681710224,75,72.5848302768955,B2,57.11373034775759,85.60606060606061,58.96541976928711,30.839271575613623,20.0,55.64088619816956
000930155,8,8,8,10.0,8,58.557088888201214,76.090454,99.764694,59.05493482309125,75,74.21606064320666,B2,58.557088888201214,84.9009900990099,60.150760650634766,45.406579764121666,20.0,58.97598802048893
000930162,9,8,8,10.0,8,43.49029673125753,79.9389,99.805016,67.24452554744525,75,73.85744899815137,B2,43.49029673125753,85.46511627906978,66.56483459472656,56.32603406326034,20.0,58.81702736564893
000940012,9,9,10,10.0,9,36.44101898915388,71.99918,95.586174,75.34916201117318,75,72.52506463996112,B2,36.44101898915388,85.71428571428572,53.331974029541016,67.13221601489758,30.0,57.63166456621735
000940015,9,9,9,10.0,9,37.072522929867006,71.56907,96.58373,81.73076923076923,75,73.43473124091697,B2,37.072522929867006,85.7843137254902,52.615116119384766,75.64102564102565,30.0,59.36543789739111
000940021,9,9,9,10.0,9,38.45489906271797,71.59344,97.99498,58.09270516717325,75,70.93632255397367,B2,38.45489906271797,85.67961165048544,52.655731201171875,44.12360688956433,20.0,52.38949510571323
000940027,10,10,10,10.0,10,43.00400308320997,71.301926,97.73065,60.5,75,71.704389671743,B2,43.00400308320997,85.20408163265306,52.16987609863281,47.33333333333333,20.0,53.95266306535899
000940032,9,10,9,10.0,9,43.197647693262866,64.35005,97.414085,55.11363636363636,75,70.20905055899587,B2,43.197647693262866,85.8433734939759,40.58341979980469,40.15151515151515,15.0,49.90724228707366
000940042,9,10,9,10.0,8,42.62385845794166,73.76666,96.70003,58.37155963302752,75,71.57545297853349,B2,42.62385845794166,85.67961165048544,56.277767181396484,44.4954128440367,20.0,54.230503341458544
000940049,9,10,10,10.0,8,35.457817406727166,68.67616,98.07097,59.08385093167701,75,70.35465596232726,B2,35.457817406727166,84.9009900990099,47.79359817504883,45.44513457556935,20.0,50.737448426557904
000940067,9,10,9,10.0,9,44.720201797306025,67.63039,97.982254,73.97540983606558,75,73.11699024170773,B2,44.720201797306025,85.41666666666667,46.050636291503906,65.30054644808743,25.0,57.30445423611603
000940068,10,9,9,10.0,9,45.944261802187,68.9357,98.96309,52.25265017667844,75,70.93148405172167,B2,45.944261802187,85.11235955056179,48.226158142089844,36.33686690223793,15.0,51.17676091925734
000940073,8,9,9,10.0,8,41.00573680208315,63.247383,98.357475,67.04545454545456,75,71.35872596951702,B2,41.00573680208315,85.46511627906978,38.745635986328125,56.06060606060607,20.0,52.57896187040994
000940074,10,9,9,10.0,9,35.171501132384506,68.436935,97.803566,53.70879120879121,75,69.61449524939812,B2,35.171501132384506,85.46511627906978,47.39488983154297,38.278388278388285,15.0,48.79381016558468
000940086,10,10,10,10.0,9,33.934477476621375,68.73343,98.62243,78.8716814159292,75,72.61944200900061,B2,33.934477476621375,84.85915492957746,47.88905334472656,71.82890855457228,20.0,55.64200105361407
000940093,7,9,9,10.0,7,43.073339449380796,70.37657,98.7438,78.98936170212767,75,73.94196841308336,B2,43.073339449380796,85.11235955056179,50.627620697021484,71.9858156028369,25.0,59.06911239142705
000940102,9,9,9,10.0,9,39.702947256381236,76.017944,99.137535,63.17567567567568,75,72.36409228358511,B2,39.702947256381236,85.75268817204301,60.02989959716797,50.9009009009009,20.0,55.550069528924425
000940103,9,9,9,10.0,9,42.355450768226625,69.47432,99.1213,69.49088145896656,75,72.6530341714624,B2,42.355450768226625,85.67961165048544,49.12386703491211,59.321175278622086,25.0,56.19777444885459
000940122,9,9,9,10.0,9,48.9035144519104,76.01122,97.52177,100.0,75,77.69238047446362,C1,48.9035144519104,85.47619047619048,60.01871109008789,100.0,40.0,69.5986684500428
000940133,9,9,9,10.0,9,43.90861331764581,71.55565,98.23013,66.4568345323741,75,72.61814756524458,B2,43.90861331764581,85.34482758620689,52.592750549316406,55.275779376498804,20.0,55.88706602039135
000940147,9,9,10,10.0,9,45.949902005298256,72.237305,97.41497,68.53705917513449,75,73.09670835190585,B2,45.949902005298256,85.47619047619048,53.72883987426758,58.049412233512655,25.0,57.71217411413282
000940150,9,10,10,10.0,9,36.17999241236012,66.34938,96.4826,51.179731820526044,75,69.02300424925494,B2,36.17999241236012,84.8360655737705,43.91563034057617,34.906309094034725,10.0,47.018402192719975
000940173,9,9,9,10.0,9,36.0631199213693,72.32356,97.79059,81.94444444444443,75,73.57460584401483,B2,36.0631199213693,85.58823529411765,53.872596740722656,75.92592592592592,25.0,58.87254390940604
000960002,8,7,7,10.0,8,50.22194405334969,74.28359,99.3282,45.88278931750741,75,71.36598322667082,B2,50.22194405334969,85.37735849056604,57.139320373535156,27.843719090009884,15.0,52.396433528687936
000960008,7,7,7,10.0,7,42.4018409564364,75.925644,99.55295,50.32529755900747,75,71.1846876521267,B2,42.4018409564364,85.32258064516128,59.876068115234375,33.76706341200996,25.0,53.15973208731801
000960019,7,8,7,10.0,7,37.33756242897464,77.982414,99.614815,66.07142857142858,75,72.72074640051714,B2,37.33756242897464,85.0,63.30402755737305,54.761904761904766,25.0,56.69757726183409
000960040,6,8,7,10.0,6,45.01470132431092,76.780945,99.33095,57.54504504504504,75,72.44059668834615,B2,45.01470132431092,85.47619047619048,61.301578521728516,43.393393393393396,20.0,55.561717523884596
000960043,7,8,8,10.0,7,45.01671306305204,74.39642,99.52315,59.418986549890526,75,72.4026324642953,B2,45.01671306305204,85.0,57.32737731933594,45.8919820665207,20.0,55.14805071513893
000960046,8,8,8,10.0,8,48.57970667703053,78.43663,99.62937,61.72874958976042,75,73.60493497906569,B2,48.57970667703053,85.41666666666667,64.06104278564453,48.971666119680556,20.0,58.10563568919391
000960048,5,8,7,10.0,5,52.94511590967662,75.850494,99.49089,60.27070063694267,75,73.62686417211775,B2,52.94511590967662,85.1010101010101,59.75082778930664,47.02760084925689,20.0,57.86721742111925
000960049,7,8,7,10.0,7,44.20172184109888,78.242615,99.51559,60.4539641943734,75,72.88966651615121,B2,44.20172184109888,85.20408163265306,63.73768615722656,47.27195225916454,20.0,56.55337893318593
000960050,8,8,8,10.0,8,51.68477384438582,75.60275,99.84093,56.488269794721404,75,73.0340068138413,B2,51.68477384438582,85.2803738317757,59.337921142578125,41.9843597262952,20.0,56.50574309281505
000960052,7,7,7,10.0,7,43.57805378064338,73.32642,99.25375,57.94077552256891,75,71.89188079324094,B2,43.57805378064338,85.57692307692308,55.544036865234375,43.92103403009189,20.0,54.181758584191726
000960054,8,8,7,10.0,7,44.30227263140101,72.91284,99.6404,60.42332268370607,75,72.2734609031449,B2,44.30227263140101,85.20408163265306,54.85472869873047,47.231096911608084,20.0,54.793754260285816
000960066,8,5,6,10.0,7,39.23196635220149,69.59059,99.30825,41.346153846153854,75,68.93723544675186,B2,39.23196635220149,85.29411764705883,49.317657470703125,21.794871794871796,25.0,47.85402742513465
000960071,7,7,7,10.0,7,43.31307178406373,77.55638,99.45018,45.49120234604105,75,70.8973002491282,B2,43.31307178406373,85.2803738317757,62.593971252441406,27.321603128054733,15.0,51.631476089324224
000960073,8,8,7,10.0,7,44.40481232909853,77.17587,99.59608,55.11363636363637,75,72.15484781529616,B2,44.40481232909853,84.90990990990991,61.959781646728516,40.15151515151516,20.0,54.75093991940085
000960084,7,7,7,10.0,6,43.009444672159134,76.62955,99.49873,52.56410256410257,75,71.60421934510921,B2,43.009444672159134,85.20408163265306,61.04923629760742,36.75213675213676,25.0,54.11365637688675
000960090,7,8,7,10.0,6,45.124351489234456,72.805084,99.3598,54.166666666666664,75,71.57470855566126,B2,45.124351489234456,85.58823529411765,54.67514419555664,38.888888888888886,15.0,52.89095350346199
000960093,7,8,8,10.0,7,41.57184760000584,74.621704,99.595566,64.43905817174516,75,72.62738108030544,B2,41.57184760000584,85.61946902654867,57.702842712402344,52.5854108956602,25.0,56.35547968751627
000960136,8,8,7,10.0,8,38.9058623485366,75.703285,99.73047,74.48347107438016,75,73.65877048682424,B2,38.9058623485366,85.52631578947368,59.505470275878906,65.97796143250689,30.0,59.204731257649456
000960167,9,8,8,10.0,8,46.519481098216204,72.17931,99.42774,54.166666666666664,75,71.67518441147345,B2,46.519481098216204,85.58823529411765,53.63218307495117,38.888888888888886,15.0,53.03114349085148
000960168,8,9,8,10.0,8,40.74473263403669,69.83766,99.447556,61.84210526315789,75,71.6246466218821,B2,40.74473263403669,86.11111111111111,49.72943115234375,49.122807017543856,15.0,52.9844089517342
001110009,8,7,7,10.0,7,40.14041174989741,59.250477,98.120155,48.79032258064516,75,68.5561639802608,B2,40.14041174989741,85.30927835051546,32.08412170410156,31.72043010752688,15.0,45.6233328874289
001110023,9,8,8,10.0,8,38.1483281622901,67.59234,98.58508,57.81722054380665,75,70.45715643311051,B2,38.1483281622901,85.57692307692308,45.98723220825195,43.75629405840886,20.0,50.880018444605184
001110039,9,8,8,10.0,8,34.6340741582349,69.1779,94.318855,55.46763105127471,75,69.43181552602006,B2,34.6340741582349,85.0,48.62983703613281,40.62350806836628,20.0,49.75918756045854
001110040,10,10,9,10.0,9,36.77318399034741,68.729294,96.71868,48.81961259079903,75,69.12489260878054,B2,36.77318399034741,85.76923076923077,47.88215637207031,31.759483454398705,10.0,47.56393165518835
001110047,9,8,9,10.0,8,41.212228907690324,59.64128,94.75243,52.07783641160949,75,68.7220536268902,B2,41.212228907690324,85.08403361344537,32.73546600341797,36.10378188214599,20.0,47.34191539813158
001110056,6,8,8,10.0,6,51.01791767844291,68.30145,97.30786,45.47186400937866,75,70.45189147831985,B2,51.01791767844291,85.2803738317757,47.16908264160156,27.295818679171546,15.0,50.467553523179006
001110060,7,8,7,10.0,7,34.82745333106705,68.390625,96.84524,50.226358148893354,75,69.03476090542728,B2,34.82745333106705,85.63829787234042,47.31770324707031,33.635144198524486,15.0,47.80700767144056
001110067,8,8,7,10.0,7,34.74162566139993,70.6014,96.83934,61.60948140387637,75,70.65502194695425,B2,34.74162566139993,85.0,51.00233459472656,48.81264187183517,25.0,52.39840189939719
001110072,8,8,8,10.0,8,35.60560922437756,63.503845,97.400375,79.46428571428572,75,72.11689386236617,B2,35.60560922437756,85.22727272727273,39.173072814941406,72.61904761904762,25.0,55.06664476544524
001110076,8,8,7,10.0,7,34.92492210199708,63.191483,96.799194,56.68001885014138,75,69.19147413984255,B2,34.92492210199708,85.52631578947368,38.6524658203125,42.24002513352184,25.0,48.79130756826713
001110094,8,7,8,10.0,7,41.569912268036724,65.60858,98.09038,65.94925883694413,75,71.54617565466802,B2,41.569912268036724,85.0,42.680965423583984,54.59901178259217,25.0,53.598473317509544
001110099,8,8,8,10.0,8,38.08289837953026,71.082115,95.71051,67.80973451327434,75,71.72223099840608,B2,38.08289837953026,85.37735849056604,51.803524017333984,57.07964601769911,25.0,55.14169879673529
001110114,9,7,7,10.0,8,32.63688496707159,66.68498,96.27448,52.368169253667865,75,68.7557423097114,B2,32.63688496707159,85.20408163265306,44.4749755859375,36.49089233822382,25.0,48.15341580696802
001110122,7,6,6,10.0,6,35.17032266531305,75.30861,99.63847,68.60972568578553,75,72.44725570447558,B2,35.17032266531305,85.31746031746032,58.847686767578125,58.14630091438071,30.0,56.5207438542897
001110129,7,7,7,10.0,7,37.0573786448493,67.51796,99.2032,55.283799201369085,75,70.08748064818683,B2,37.0573786448493,85.0,45.86326599121094,40.378398935158785,20.0,49.762677646486274
001110135,7,8,8,10.0,7,40.99905485133849,68.70734,98.54078,51.69860627177701,75,70.19349319951995,B2,40.99905485133849,85.0,47.84556198120117,35.59814169570268,15.0,49.688504829685115
001110137,8,7,7,10.0,7,41.15899574206418,62.021225,99.53285,57.41914553803154,75,70.21586621142399,B2,41.15899574206418,85.19108280254777,36.70204162597656,43.22552738404205,30.0,50.57303343815671
001110141,7,7,7,10.0,7,41.423935770115506,74.29335,99.5644,55.77255942764828,75,71.52650941640744,B2,41.423935770115506,85.29411764705883,57.15558624267578,41.03007923686437,25.0,53.81664625946675
001110151,9,8,8,10.0,8,35.72265830344163,72.47072,98.33595,82.46268656716417,75,73.67904192158207,B2,35.72265830344163,85.71428571428572,54.11785888671875,76.61691542288555,25.0,59.00619124782242
001110173,7,8,7,10.0,7,38.11443679322603,70.74294,99.82915,71.09375,75,72.57363323305822,B2,38.11443679322603,84.9009900990099,51.23823928833008,61.45833333333333,25.0,55.79317162886139
001120010,9,9,9,10.0,9,56.17810160203462,65.94655,96.861244,61.562363715656346,75,72.66579095775182,B2,56.17810160203462,86.11111111111111,43.24425506591797,48.74981828754179,15.0,55.47111823044811
001120013,4,8,8,10.0,4,40.28605136833397,74.80387,96.28462,64.62677231025854,75,72.12015804309127,B2,40.28605136833397,85.61946902654867,58.00645065307617,52.835696413678065,25.0,56.1448100842761
001120024,5,8,6,10.0,4,53.54633530967819,73.7254,98.38245,50.378787878787875,75,72.12395667714718,B2,53.54633530967819,85.75268817204301,56.209007263183594,33.838383838383834,15.0,54.334233900008925
001120031,9,9,8,10.0,8,63.937989845367014,71.72339,97.31564,68.89097744360902,75,75.22415991256776,B2,63.937989845367014,85.71428571428572,52.872314453125,58.521303258145366,20.0,61.69179243216726
001120038,9,9,8,10.0,8,51.689389229222435,74.79254,95.7051,62.97106325706594,75,73.2189714004054,B2,51.689389229222435,85.75268817204301,57.98757553100586,50.62808434275459,20.0,58.08365132506845
001120063,8,8,7,10.0,7,52.73363822043239,67.99803,98.05984,48.6271676300578,75,71.09024097696116,B2,52.73363822043239,85.20408163265306,46.66339111328125,31.502890173410407,15.0,51.61768679281428
001120078,8,8,8,10.0,7,51.376079267879064,70.815475,98.077995,68.73875224955009,75,73.68099627379071,B2,51.376079267879064,85.47619047619048,51.35912322998047,58.31833633273346,25.0,58.648559539295036
001120090,9,9,8,10.0,8,46.701447674131444,68.51911,97.757675,54.493281075028,75,71.09658186640303,B2,46.701447674131444,85.71428571428572,47.531856536865234,39.324374766704,15.0,51.975179798553
001120097,7,8,7,10.0,6,47.062415086339584,70.361404,98.89582,67.51760563380282,75,73.06046949081161,B2,47.062415086339584,85.2803738317757,50.60234832763672,56.690140845070424,25.0,57.04419544553998
001120098,7,7,7,10.0,7,49.48826096724579,68.87254,98.600525,72.5192061459667,75,73.73766424206207,B2,49.48826096724579,85.20408163265306,48.12091064453125,63.35894152795561,25.0,58.46905665667667
001120101,7,8,7,10.0,7,63.4859301983596,68.4931,99.341545,64.22413793103448,75,74.4653659514062,B2,63.4859301983596,84.89010989010988,47.48849868774414,52.298850574712645,20.0,59.05147987460873
001120105,6,7,7,10.0,5,59.9255635856959,67.440735,98.95882,58.55747973470892,75,73.18591136544077,B2,59.9255635856959,85.15625,45.734554290771484,44.74330631294523,25.0,56.86602532643246
001120119,6,8,7,10.0,6,35.38094480327225,78.16801,98.941444,76.27551020408164,75,73.6519087561559,B2,35.38094480327225,85.07751937984496,63.613338470458984,68.36734693877551,35.0,60.0107531276262
001120130,7,8,7,10.0,7,56.48266557890689,69.492065,98.263084,58.43711719069008,75,72.92099191330867,B2,56.48266557890689,85.3896103896104,49.153446197509766,44.58282292092011,15.0,55.71532300655016
001120136,8,8,7,10.0,7,44.766703835401486,72.07352,96.80005,100.0,75,76.63683234110755,C1,44.766703835401486,85.34482758620689,53.45585250854492,100.0,30.0,66.21905354784595
001120141,7,8,8,10.0,6,53.17361763280839,71.12641,98.706116,61.04997410668048,75,73.086734268016,B2,53.17361763280839,84.91735537190083,51.877349853515625,48.06663214224064,25.0,57.011539841063424
001120148,7,8,8,10.0,6,52.6052313145608,72.09795,98.77973,55.85260115606936,75,72.52026216210061,B2,52.6052313145608,85.09174311926606,53.49658966064453,41.13680154142582,20.0,55.35092184887078
001120156,7,8,8,10.0,7,49.59696528545274,73.63827,98.08409,73.43597660058498,75,74.37063607075812,B2,49.59696528545274,85.30927835051546,56.06378173828125,64.58130213411332,25.0,60.3555774927361
001120159,9,8,8,10.0,8,50.9221493609082,68.11102,97.45058,63.69453924914675,75,72.62139460098004,B2,50.9221493609082,85.8695652173913,46.851707458496094,51.59271899886234,20.0,55.8868137453117
001120162,8,9,8,10.0,8,38.76109737839668,66.02972,95.53954,73.47560975609755,75,71.85671601336587,B2,38.76109737839668,85.3896103896104,43.38285827636719,64.6341463414634,20.0,54.641078056302746
001130002,8,7,7,10.0,7,38.71358606809443,64.73198,94.218704,51.02739726027398,75,68.84300003065421,B2,38.71358606809443,85.8695652173913,41.219966888427734,34.70319634703198,15.0,47.8304208499331
001130005,8,8,8,10.0,8,39.22952278687281,70.09428,95.62263,61.442834768989826,75,70.96671134908632,B2,39.22952278687281,85.0,50.15713119506836,48.5904463586531,25.0,53.30689639819736
001130019,8,8,7,10.0,8,40.688349091476425,75.12776,97.02534,54.446308724832214,75,71.07453082516406,B2,40.688349091476425,85.0,58.5462760925293,39.261744966442954,25.0,53.48369148466356
001130021,8,8,7,10.0,7,38.1643335887053,70.27651,94.76816,52.3936170212766,75,69.67231448579548,B2,38.1643335887053,85.16949152542372,50.46085739135742,36.52482269503546,20.0,50.230592486545696
001130023,8,8,7,10.0,7,39.21721435950931,72.24342,94.20189,52.3936170212766,75,69.9667372656943,B2,39.21721435950931,85.16949152542372,53.739036560058594,36.52482269503546,20.0,51.149448512986936
001130024,8,8,7,10.0,7,38.20156272538692,69.20375,95.40125,39.872262773722625,75,68.12145946272517,B2,38.20156272538692,85.07751937984496,48.67292022705078,19.829683698296847,15.0,46.02029112064263
001130039,9,9,8,10.0,8,33.395155536449735,78.08962,92.01596,57.01038575667655,75,70.26133493808531,B2,33.395155536449735,85.37735849056604,63.482704162597656,42.68051434223541,20.0,52.925772207720556
001130047,9,9,8,10.0,8,50.522955014257455,75.720505,95.92727,55.90277777777778,75,72.36882078416532,B2,50.522955014257455,85.09174311926606,59.5341682434082,41.203703703703695,20.0,56.05124892280326
001130054,7,8,8,10.0,7,51.81074015937411,73.07692,98.545525,58.30152671755726,75,72.80816532357161,B2,51.81074015937411,85.67961165048544,55.12820053100586,44.402035623409674,20.0,56.278635564817726
001130073,8,7,7,10.0,7,39.59728195936209,68.606186,96.06223,44.279661016949156,75,68.82544342327063,B2,39.59728195936209,85.13513513513513,47.676979064941406,25.706214689265536,20.0,47.859742833730834
001130074,9,8,8,10.0,8,41.97472698449572,67.16447,95.74895,54.012915129151295,75,70.06812673381341,B2,41.97472698449572,85.58823529411765,45.27411651611328,38.683886838868396,15.0,50.182341812854276
001130082,8,7,8,10.0,8,57.024734437857425,60.749878,94.370735,37.516677785190126,75,68.95944303854304,B2,57.024734437857425,84.9290780141844,34.5831298828125,16.68890371358684,15.0,47.24285983229033
001130087,7,7,7,10.0,7,44.058212665612515,67.34317,92.190735,46.59090909090909,75,69.02196321429821,B2,44.058212665612515,85.14492753623189,45.57196044921875,28.787878787878782,20.0,49.17275308861547
001130102,8,7,7,10.0,7,44.52268645704381,70.23202,94.3538,40.801886792452834,75,68.98924664150209,B2,44.52268645704381,85.24096385542168,50.38669967651367,21.06918238993711,20.0,48.732089182141394
001130118,8,8,8,10.0,7,41.93849742680456,75.60498,97.59972,59.375,75,71.94218328984937,B2,41.93849742680456,85.31746031746032,59.34163284301758,45.833333333333336,25.0,55.348983243541
001130123,8,7,7,10.0,7,29.175493770609062,70.06207,96.73668,46.233133433283356,75,68.06488548419365,B2,29.175493770609062,85.04784688995215,50.10344696044922,28.31084457771115,30.0,47.238694044976974
001130138,9,8,7,10.0,8,34.34537901558692,76.671326,97.93085,59.14179104477612,75,71.17072114943107,B2,34.34537901558692,85.31746031746032,61.118873596191406,45.52238805970149,25.0,53.74396235517525
001130155,9,8,8,10.0,8,31.418814018296743,69.01932,96.19734,73.50040666937778,75,71.41630562802875,B2,31.418814018296743,85.3896103896104,48.36552047729492,64.66720889250371,20.0,53.80865216667137
001130168,9,8,7,10.0,8,35.50539313326752,69.95425,97.083664,62.36702127659575,75,70.78923898455469,B2,35.50539313326752,85.16949152542372,49.92374038696289,49.822695035460995,25.0,52.618008058422724
001130173,9,8,8,10.0,8,27.489612237354503,64.37128,95.05462,51.4273356401384,75,67.6011412282093,B2,27.489612237354503,84.89010989010988,40.61878967285156,35.23644752018454,15.0,44.76597835194305
001140008,9,9,9,10.0,9,43.24463203373779,65.36245,97.05753,65.91880341880342,75,71.59001020352369,B2,43.24463203373779,85.0,42.270748138427734,54.55840455840457,25.0,53.9269891200055
001140045,9,9,9,10.0,9,53.951890597788285,63.267757,98.98859,72.26095617529882,75,73.61630287375678,B2,53.951890597788285,85.12658227848101,38.779598236083984,63.01460823373175,20.0,57.12845979913277
001140046,10,10,10,10.0,10,65.38114618292727,68.35088,98.681076,82.92253521126761,75,76.84027691134635,C1,65.38114618292727,85.44776119402985,47.2514762878418,77.23004694835682,20.0,64.60353168221387
001140049,10,7,8,10.0,9,44.15858467333128,36.518333,98.423805,34.77833061042625,75,64.6654864746759,B1,44.15858467333128,84.95260663507109,0.0,13.037774147234998,20.0,36.88535265654759
001140054,9,10,9,10.0,9,48.03820287048401,64.597664,98.67576,79.34491978609626,75,73.87878538773495,B2,48.03820287048401,84.85915492957746,40.9961051940918,72.45989304812834,20.0,57.91553967066398
001140056,9,10,9,10.0,9,38.53746097018206,67.62271,97.692505,50.817438692098094,75,69.560413887208,B2,38.53746097018206,85.8695652173913,46.0378532409668,34.423251589464115,15.0,48.69397789444925
001140059,8,9,8,10.0,8,50.171390308056786,70.812355,99.36685,54.634831460674164,75,71.99825143402506,B2,50.171390308056786,85.71428571428572,51.35392379760742,39.513108614232216,15.0,53.64482606015815
001140064,9,9,8,10.0,9,40.58386154468967,64.12807,98.97839,41.24297393970362,75,68.39199552668188,B2,40.58386154468967,85.5691056910569,40.21343994140625,21.657298586271494,15.0,45.41238989594192
001140068,9,9,9,10.0,9,44.16395558432364,61.40901,97.12945,77.9221912072575,75,72.67495278832958,B2,44.16395558432364,85.0,35.68168640136719,70.56292160967666,25.0,56.039910498289686
001140099,8,8,8,10.0,7,48.03393460862696,78.41584,99.64341,63.3130081300813,75,73.72874311399656,B2,48.03393460862696,85.34482758620689,64.02640533447266,51.0840108401084,25.0,58.866774355829264
001140100,7,8,7,10.0,7,47.32272403663998,70.672005,99.73311,48.46259889714697,75,70.94285233848022,B2,47.32272403663998,84.92366412213741,51.12001037597656,31.283465196195948,20.0,51.542291963393986
001140104,9,9,9,10.0,8,52.37823390470945,68.18123,99.30171,68.67977528089888,75,73.62491398313237,B2,52.37823390470945,85.71428571428572,46.96872329711914,58.239700374531836,20.0,57.56481444834412
001140108,8,8,7,10.0,7,53.49367154221228,64.4628,96.94612,100.0,75,76.78831101963578,C1,53.49367154221228,85.25641025641025,40.77132797241211,100.0,25.0,65.3417858534032
001140120,8,8,8,10.0,8,53.88271719425467,55.91692,99.042694,61.60519423832388,75,71.45370302791528,B2,53.88271719425467,85.41666666666667,26.5281982421875,48.806925651098496,30.0,52.89187083925497
001140130,7,8,8,10.0,7,44.946632597081184,68.46088,98.46888,56.1046511627907,75,71.15772479093073,B2,44.946632597081184,84.87654320987654,47.43478775024414,41.47286821705427,15.0,51.737325145199115
001140133,8,9,7,10.0,8,42.613308065203526,64.09129,99.35307,49.31885125184095,75,69.6451830926547,B2,42.613308065203526,85.15625,40.15214920043945,32.425135002454596,20.0,48.457846356879685
001140140,8,8,7,10.0,7,37.76861686704392,61.86099,96.919846,78.59094113500176,75,72.01684706400525,B2,37.76861686704392,85.11235955056179,36.43497848510742,71.45458818000233,25.0,54.79815762815824
001140146,9,7,7,10.0,8,39.31813607265199,67.95197,96.80413,68.58974358974359,75,71.71967798136247,B2,39.31813607265199,85.20408163265306,46.58662033081055,58.119658119658126,35.0,55.57181068862459
001140159,9,8,8,10.0,8,49.15810637520562,71.18919,96.480385,67.48533724340176,75,73.11756266050241,B2,49.15810637520562,85.46511627906978,51.98198318481445,56.64711632453567,20.0,57.381625565438874
001140163,9,8,8,10.0,8,47.02505615706406,61.307,96.64554,59.65498270983967,75,70.75590916842297,B2,47.02505615706406,85.0,35.51166534423828,46.20664361311956,20.0,51.34992583073758
